perturb_percent,perturb_time,controller,t_settle_after,ITAE,metric_M,rise_time,overshoot,settling_time_abs,rank_M,is_best
20,360,aPID,199.22222222222217,3791.8065266929707,0.6007637529459224,-40.56565656565655,5.398456176763271,559.2222222222222,1.0,True
20,360,FF,600.0,9440.1522109319,1.5980280652599723,-40.56565656565655,1.5458135441862526,960.0,5.0,False
20,360,PID-FF,384.6363636363636,6259.331703255038,1.0459568648632096,-40.56565656565655,8.929542804983424,744.6363636363636,4.0,False
20,360,aPID-FF,295.92929292929296,4405.013260907671,0.762601733025972,-40.56565656565655,6.967935336564518,655.929292929293,2.0,False
20,360,PID,330.5757575757576,4938.354510904381,0.8536601225715584,-40.56565656565655,7.687702789953234,690.5757575757576,3.0,False
20,390,aPID,0.0,3038.303981933995,0.4011759853549083,-40.56565656565655,3.9041488589648523,245.84848484848484,1.0,True
20,390,FF,570.0,6252.319519094736,1.2585855042044014,-40.56565656565655,1.7058210796497029,960.0,5.0,False
20,390,PID-FF,321.4040404040404,4460.104897398761,0.796090911613616,-40.56565656565655,7.233866676062243,711.4040404040404,4.0,False
20,390,aPID-FF,235.6868686868687,3400.4529188330666,0.596570519034604,-40.56565656565655,5.718886691968481,625.6868686868687,3.0,False
20,390,PID,232.4545454545455,3380.045331627541,0.590999687957398,-40.56565656565655,5.6731922790128415,622.4545454545455,2.0,False
20,420,aPID,0.0,2558.731185329952,0.3378534572698249,-40.56565656565655,3.766738914331945,245.84848484848484,1.0,True
20,420,FF,540.0,5055.966241472177,1.1205678925842297,-40.56565656565655,1.747935502450581,960.0,5.0,False
20,420,PID-FF,299.5959595959596,3949.2823618539146,0.7219755532440221,-40.56565656565655,6.968014585622476,719.5959595959596,4.0,False
20,420,aPID-FF,218.35353535353534,2979.40538570481,0.5359127160041524,-40.56565656565655,5.595276289028321,638.3535353535353,3.0,False
20,420,PID,200.2525252525253,2878.0783556584165,0.5057736474626556,-40.56565656565655,5.3702842680039655,620.2525252525253,2.0,False
20,450,aPID,0.0,2166.424816091559,0.2860535402187213,-40.56565656565655,1.7490028133462343,245.84848484848484,3.0,False
20,450,FF,510.0,2967.3667734991022,0.9359565508149323,-40.56565656565655,1.7490028133462343,960.0,5.0,False
20,450,PID-FF,0.0,2213.884080224793,0.29232003533115225,-40.56565656565655,4.435328305001515,245.84848484848484,4.0,False
20,450,aPID-FF,0.0,2031.076951943572,0.26818228273819494,-40.56565656565655,3.515884431891767,245.84848484848484,1.0,True
20,450,PID,0.0,2089.267978498772,0.2758657938535759,-40.56565656565655,2.5010032767197177,245.84848484848484,2.0,False
20,480,aPID,0.0,1934.8355463254761,0.2554746205159954,-40.56565656565655,1.7490028133462343,245.84848484848484,3.0,False
20,480,FF,480.0,2114.389766340149,0.8473152127843768,-40.56565656565655,1.7490028133462343,960.0,5.0,False
20,480,PID-FF,0.0,1703.8715077628417,0.22497825599721738,-40.56565656565655,2.690695452677449,245.84848484848484,1.0,True
20,480,aPID-FF,0.0,1710.3460071011568,0.22583314532599183,-40.56565656565655,2.1320667062457828,245.84848484848484,2.0,False
20,480,PID,0.0,1949.1790867018958,0.2573685336919658,-40.56565656565655,1.7490028133462343,245.84848484848484,4.0,False
20,510,aPID,0.0,1386.5826249021857,0.18308360655441946,-40.56565656565655,1.7490028133462343,245.84848484848484,4.0,False
20,510,FF,0.0,1225.118512617931,0.16176397404554213,-40.56565656565655,1.9483767524749378,245.84848484848484,1.0,True
20,510,PID-FF,0.0,1339.708349992385,0.1768943530970461,-40.56565656565655,1.7490028133462343,245.84848484848484,3.0,False
20,510,aPID-FF,0.0,1284.8813536265259,0.1696550266761517,-40.56565656565655,1.7490028133462343,245.84848484848484,2.0,False
20,510,PID,0.0,1448.336742326726,0.191237586226902,-40.56565656565655,1.7490028133462343,245.84848484848484,5.0,False
20,540,aPID,0.0,1051.957205503206,0.13889985036991354,-40.56565656565655,1.7490028133462343,245.84848484848484,4.0,False
20,540,FF,0.0,1001.2812038768122,0.13220861900952324,-40.56565656565655,2.4906662795134467,245.84848484848484,2.0,False
20,540,PID-FF,0.0,1035.5966299507525,0.13673960897956686,-40.56565656565655,1.7490028133462343,245.84848484848484,3.0,False
20,540,aPID-FF,0.0,990.7610183021699,0.13081953949703248,-40.56565656565655,1.7490028133462343,245.84848484848484,1.0,True
20,540,PID,0.0,1109.535146452287,0.14650240999933253,-40.56565656565655,1.7490028133462343,245.84848484848484,5.0,False
30,360,aPID,354.55555555555554,5536.736272351596,0.9400283505992212,-40.56565656565655,8.716663755952489,714.5555555555555,1.0,True
30,360,FF,600.0,7923.92593544105,1.4473018435465943,-40.56565656565655,1.5458135441862526,960.0,3.0,False
30,360,PID-FF,548.9191919191919,12900.975835580794,1.9335663202942288,-40.56565656565655,13.911676846179596,908.9191919191919,5.0,False
30,360,aPID-FF,421.5656565656566,7670.738442380313,1.2326820509295384,-40.56565656565655,10.375840859836966,781.5656565656566,2.0,False
30,360,PID,513.10101010101,11369.846016877775,1.7277497342675103,-40.56565656565655,12.882313708638382,873.10101010101,4.0,False
30,390,aPID,354.6363636363636,5313.260655423292,0.9173543976414388,-40.56565656565655,8.359214485275137,744.6363636363636,1.0,True
30,390,FF,570.0,4392.865390951868,1.1130752776404182,-40.56565656565655,1.7058210796497029,960.0,2.0,False
30,390,PID-FF,544.959595959596,11969.54878516963,1.8228487703931717,-40.56565656565655,13.366773091941276,934.959595959596,5.0,False
30,390,aPID-FF,430.5454545454545,7753.429452344326,1.2501986046198863,-40.56565656565655,10.218989381319023,820.5454545454545,3.0,False
30,390,PID,502.3737373737374,10347.746556774304,1.602454025117833,-40.56565656565655,12.159841316267563,892.3737373737374,4.0,False
30,420,aPID,350.1414141414141,5219.251222384118,0.9030373599678296,-40.56565656565655,8.430188209049712,770.1414141414141,1.0,True
30,420,FF,540.0,3211.008037552983,0.9948662295347307,-40.56565656565655,1.747935502450581,960.0,2.0,False
30,420,PID-FF,535.2828282828283,11121.655760128386,1.7182533657991454,-40.56565656565655,13.313771346260397,955.2828282828283,5.0,False
30,420,aPID-FF,426.1717171717172,7479.96726337514,1.216536272878052,-40.56565656565655,10.306997634053891,846.1717171717172,3.0,False
30,420,PID,491.5656565656566,9619.099304916896,1.5114128474551372,-40.56565656565655,12.07669854971679,911.5656565656566,4.0,False
30,450,aPID,290.72727272727275,3725.4183283911652,0.6904723438079416,-40.56565656565655,6.923442243728416,740.7272727272727,2.0,False
30,450,FF,0.0,1697.4915627404785,0.22413585156827426,-40.56565656565655,1.7490028133462343,245.84848484848484,1.0,True
30,450,PID-FF,497.86868686868684,9119.213431427372,1.4623213522586982,-40.56565656565655,11.929951723764153,947.8686868686868,5.0,False
30,450,aPID-FF,394.07070707070704,6177.959763712748,1.047276714620618,-40.56565656565655,9.203635919314442,844.070707070707,3.0,False
30,450,PID,439.4040404040404,7417.066669410469,1.222881591733262,-40.56565656565655,10.35325989404944,889.4040404040404,4.0,False
30,480,aPID,202.77777777777783,2434.8224275034627,0.4664509241142464,-40.56565656565655,5.622694956497966,682.7777777777778,2.0,False
30,480,FF,0.0,1286.2528900774153,0.16983612359417155,-40.56565656565655,1.9548327332294284,245.84848484848484,1.0,True
30,480,PID-FF,446.81818181818187,7292.589265341328,1.2172790266665792,-40.56565656565655,10.81031770057817,926.8181818181819,5.0,False
30,480,aPID-FF,343.3434343434343,4820.8305965073805,0.8559442031976817,-40.56565656565655,8.243586589725432,823.3434343434343,3.0,False
30,480,PID,372.5353535353536,5477.0051641762875,0.9531513974097942,-40.56565656565655,8.924795849357821,852.5353535353536,4.0,False
30,510,aPID,0.0,989.0608345983572,0.13059504817663892,-40.56565656565655,1.8477920580614446,245.84848484848484,1.0,True
30,510,FF,0.0,1376.9813357053315,0.1818158576138498,-40.56565656565655,3.127280804559284,245.84848484848484,2.0,False
30,510,PID-FF,305.6868686868687,3846.991827871708,0.7194344372590928,-40.56565656565655,7.255704410236474,815.6868686868687,5.0,False
30,510,aPID-FF,184.2323232323232,2190.470465979053,0.4218236764307559,-40.56565656565655,5.296087339624638,694.2323232323232,4.0,False
30,510,PID,0.0,1569.1865245857018,0.20719452495520205,-40.56565656565655,4.25447677611381,245.84848484848484,3.0,False
30,540,aPID,0.0,864.0586111159754,0.11408982339489143,-40.56565656565655,1.7490028133462343,245.84848484848484,2.0,False
30,540,FF,0.0,1687.0723602664702,0.22276010580880556,-40.56565656565655,3.745463936139955,245.84848484848484,5.0,False
30,540,PID-FF,0.0,1220.5211395475537,0.16115693943593118,-40.56565656565655,3.8571623251727507,245.84848484848484,4.0,False
30,540,aPID-FF,0.0,867.2116615069822,0.11450615043293871,-40.56565656565655,2.6206373100350637,245.84848484848484,3.0,False
30,540,PID,0.0,800.578398912241,0.10570793111788455,-40.56565656565655,1.7490028133462343,245.84848484848484,1.0,True
40,360,aPID,283.02020202020196,4415.122861082483,0.7499037844517895,-40.56565656565655,8.204336586564585,643.020202020202,1.0,True
40,360,FF,600.0,5430.995533347328,1.2305448097047502,-40.56565656565655,1.5458135441862526,960.0,3.0,False
40,360,PID-FF,563.4242424242424,13670.703957043608,2.0347192975316912,-40.56565656565655,15.302551981274675,923.4242424242424,5.0,False
40,360,aPID-FF,363.9090909090909,5948.652269282721,0.9923723940575485,-40.56565656565655,9.989433239295865,723.9090909090909,2.0,False
40,360,PID,531.1616161616162,12277.542996052822,1.8470874252481224,-40.56565656565655,14.379008137639634,891.1616161616162,4.0,False
40,390,aPID,321.64646464646466,4705.268346042361,0.8205907363002627,-40.56565656565655,8.582600781708361,711.6464646464647,2.0,False
40,390,FF,0.0,2554.9417779375767,0.3373531060035966,-40.56565656565655,1.7058210796497029,245.84848484848484,1.0,True
40,390,PID-FF,570.0,13632.93449476701,2.035388564052771,-40.56565656565655,15.406521904285766,960.0,5.0,False
40,390,aPID-FF,403.98989898989896,7033.447335829031,1.1470941085009192,-40.56565656565655,10.492362257165679,793.989898989899,3.0,False
40,390,PID,548.1919191919192,12246.765061020502,1.8573186733849463,-40.56565656565655,14.3856424889422,938.1919191919192,4.0,False
40,420,aPID,326.5757575757576,4764.060075552166,0.8318359112774488,-40.56565656565655,8.812241147560727,746.5757575757576,2.0,False
40,420,FF,0.0,1935.1144502782968,0.2555114468404045,-40.56565656565655,2.0415947480661765,245.84848484848484,1.0,True
40,420,PID-FF,540.0,12844.435490743117,1.9199796030622716,-40.56565656565655,15.509103313896913,960.0,5.0,False
40,420,aPID-FF,407.30303030303025,7049.157380504449,1.152019313941072,-40.56565656565655,10.73324377484716,827.3030303030303,3.0,False
40,420,PID,540.0,11568.871052092292,1.772963889768976,-40.56565656565655,14.468755428358026,960.0,4.0,False
40,450,aPID,313.4242424242424,4369.195384910742,0.7782641142850398,-40.56565656565655,8.229634566770827,763.4242424242424,2.0,False
40,450,FF,0.0,1896.8068104262238,0.25045332716059093,-40.56565656565655,3.3503016067046927,245.84848484848484,1.0,True
40,450,PID-FF,510.0,11515.84154418463,1.7419983491810531,-40.56565656565655,14.879655319689238,960.0,5.0,False
40,450,aPID-FF,407.2222222222222,6684.218761794177,1.1133674923054142,-40.56565656565655,10.400624216332904,857.2222222222222,3.0,False
40,450,PID,510.0,10206.444182996162,1.5933202255316414,-40.56565656565655,13.67424729088641,960.0,4.0,False
40,480,aPID,274.7171717171717,3564.189908628619,0.6565933274863206,-40.56565656565655,7.623604287378613,754.7171717171717,2.0,False
40,480,FF,0.0,2181.705570950191,0.28807120267903785,-40.56565656565655,3.9610497365228787,245.84848484848484,1.0,True
40,480,PID-FF,480.0,9984.550215598467,1.5420955307491713,-40.56565656565655,14.326725323363956,960.0,5.0,False
40,480,aPID-FF,381.4848484848485,5823.632234963237,0.9977648919825365,-40.56565656565655,9.9967808029972,861.4848484848485,3.0,False
40,480,PID,480.0,8693.177851909817,1.3991219452178303,-40.56565656565655,12.990354725460795,960.0,4.0,False
40,510,aPID,180.27272727272725,2027.5591679166448,0.4024248407242286,-40.56565656565655,5.6658664567162464,690.2727272727273,1.0,True
40,510,FF,272.55486563023055,3123.820835462655,0.6135796097331221,-40.56565656565655,5.120175938565766,782.5548656302306,2.0,False
40,510,PID-FF,450.0,7822.028151305478,1.2764049091059977,-40.56565656565655,12.643276391028177,960.0,5.0,False
40,510,aPID-FF,333.66666666666663,4481.700619180742,0.812059716864142,-40.56565656565655,8.66813143408893,843.6666666666666,3.0,False
40,510,PID,425.92929292929296,6331.167119181232,1.0967078848099583,-40.56565656565655,10.87204290505355,935.929292929293,4.0,False
40,540,aPID,0.0,964.5167062343062,0.12735425497764574,-40.56565656565655,3.6975895038065634,245.84848484848484,1.0,True
40,540,FF,313.1913603255566,3250.389642423877,0.6757693001800588,-40.56565656565655,5.705292466391971,853.1913603255566,3.0,False
40,540,PID-FF,420.0,5891.840330904847,1.046524979664987,-40.56565656565655,11.115379251727154,960.0,5.0,False
40,540,aPID-FF,256.89898989898995,3091.3568887563247,0.5915547583772972,-40.56565656565655,7.332300722619135,796.89898989899,2.0,False
40,540,PID,331.24242424242425,4232.589060203126,0.7855675162857272,-40.56565656565655,8.869084982290994,871.2424242424242,4.0,False
50,360,aPID,0.0,2941.7066683225303,0.38842132923717215,-40.56565656565655,4.640053569592253,245.84848484848484,1.0,True
50,360,FF,600.0,3508.944873550076,1.1021182488310248,-40.56565656565655,1.5458135441862526,960.0,3.0,False
50,360,PID-FF,468.030303030303,9855.394880301938,1.5171891319726774,-40.56565656565655,14.02176408616906,828.030303030303,5.0,False
50,360,aPID-FF,166.6565656565657,3591.900983638519,0.549623205196833,-40.56565656565655,6.638253495385527,526.6565656565657,2.0,False
50,360,PID,431.72727272727275,8467.591789256516,1.3295846101811981,-40.56565656565655,13.131774122461199,791.7272727272727,4.0,False
50,390,aPID,141.24242424242425,2522.6957344381103,0.4078818193304318,-40.56565656565655,5.400788596041688,531.2424242424242,2.0,False
50,390,FF,82.95583402267744,2414.131810694592,0.34745372902137317,-40.56565656565655,3.186997144808083,472.95583402267744,1.0,True
50,390,PID-FF,504.2323232323232,10752.567629240346,1.6498417943921841,-40.56565656565655,14.500483150074645,894.2323232323232,5.0,False
50,390,aPID-FF,208.35353535353534,3222.3502523386132,0.549197262489429,-40.56565656565655,7.493261281053982,598.3535353535353,3.0,False
50,390,PID,466.97979797979804,9415.40231967702,1.4667337499503235,-40.56565656565655,13.546802484433446,856.979797979798,4.0,False
50,420,aPID,143.3434343434343,2222.700851975042,0.3784295427359457,-40.56565656565655,5.717936062114093,563.3434343434343,2.0,False
50,420,FF,70.07070707070704,2550.6220169220187,0.35645648751356757,-40.56565656565655,3.9067259681673274,490.07070707070704,1.0,True
50,420,PID-FF,505.52525252525254,10391.182050247546,1.610089215082649,-40.56565656565655,14.705258289057744,925.5252525252525,5.0,False
50,420,aPID-FF,213.50505050505046,2974.4856458314657,0.5299768674790367,-40.56565656565655,7.822514433946501,633.5050505050505,3.0,False
50,420,PID,468.27272727272725,9164.737122808328,1.4399541221379963,-40.56565656565655,13.73593667214388,888.2727272727273,4.0,False
50,450,aPID,153.10101010101005,1870.1208444208787,0.3550847461575318,-40.56565656565655,5.689365104682621,603.10101010101,1.0,True
50,450,FF,321.9775383185304,3965.7092791711834,0.7497728866794894,-40.56565656565655,5.325028400466971,771.9775383185304,3.0,False
50,450,PID-FF,510.0,9825.292276785272,1.550985244140782,-40.56565656565655,14.49993099076593,960.0,5.0,False
50,450,aPID-FF,231.8888888888889,2917.1398824951125,0.5456461089448863,-40.56565656565655,7.955733398340574,681.8888888888889,2.0,False
50,450,PID,469.8484848484849,8636.861415031774,1.3833807758555154,-40.56565656565655,13.440575789659876,919.8484848484849,4.0,False
50,480,aPID,135.2828282828283,1539.7212032897437,0.3035948541927508,-40.56565656565655,5.475303498894503,615.2828282828283,1.0,True
50,480,FF,356.97999579913346,4227.645207040014,0.815837219387909,-40.56565656565655,5.940622071428151,836.9799957991335,3.0,False
50,480,PID-FF,480.0,8748.003034845153,1.405067003446943,-40.56565656565655,14.23183429494815,960.0,5.0,False
50,480,aPID-FF,218.67676767676767,2627.012385267677,0.5031404517908478,-40.56565656565655,7.8608863002975164,698.6767676767677,2.0,False
50,480,PID,447.30303030303025,7626.706190242519,1.2529482514387833,-40.56565656565655,13.10953447339956,927.3030303030303,4.0,False
50,510,aPID,0.0,1134.2982712103624,0.14977211936164714,-40.56565656565655,4.664160990472969,245.84848484848484,1.0,True
50,510,FF,424.7171717171717,4760.145364477401,0.9466333508870306,-40.56565656565655,7.032545387312471,934.7171717171717,3.0,False
50,510,PID-FF,450.0,7440.903641060308,1.2360388922808214,-40.56565656565655,13.368467107056132,960.0,5.0,False
50,510,aPID-FF,209.77777777777783,2324.750035084762,0.46525748851613324,-40.56565656565655,7.382361946172226,719.7777777777778,2.0,False
50,510,PID,414.6363636363636,6308.372842451664,1.082301832583143,-40.56565656565655,12.066797701792913,924.6363636363636,4.0,False
50,540,aPID,0.0,783.3881481109904,0.10343813986437742,-40.56565656565655,3.811051276746194,245.84848484848484,1.0,True
50,540,FF,420.0,4588.760610961956,0.9258032673719877,-40.56565656565655,7.55309034828977,960.0,4.0,False
50,540,PID-FF,420.0,6105.766783425082,1.0676899372808748,-40.56565656565655,12.60433399835825,960.0,5.0,False
50,540,aPID-FF,178.75757575757575,1796.0006256367262,0.38078686260934563,-40.56565656565655,6.838087646332341,718.7575757575758,2.0,False
50,540,PID,363.50505050505046,4991.506228508464,0.8952234644750872,-40.56565656565655,11.14245216287788,903.5050505050505,3.0,False
60,360,aPID,48.111111111111086,1935.4182847065447,0.2678362676755026,-40.56565656565655,1.5458135441862526,408.1111111111111,1.0,True
60,360,FF,114.6432940946197,2882.2250624819953,0.4258404903639529,-40.56565656565655,1.6619237138585385,474.6432940946197,3.0,False
60,360,PID-FF,240.50505050505046,4195.823263076943,0.6838171074686709,-40.56565656565655,10.19691917140462,600.5050505050505,5.0,False
60,360,aPID-FF,44.070707070707044,2205.239562094933,0.30029995528990117,-40.56565656565655,1.6236559149362073,404.07070707070704,2.0,False
60,360,PID,214.2323232323232,3808.7248876699055,0.6167639957591244,-40.56565656565655,9.317993329348731,574.2323232323232,4.0,False
60,390,aPID,54.95959595959596,1360.9787252876981,0.2017016666766541,-40.56565656565655,1.7058210796497029,444.95959595959596,1.0,True
60,390,FF,110.80808080808083,3344.939045779309,0.47872096454473473,-40.56565656565655,4.192255361284055,500.80808080808083,3.0,False
60,390,PID-FF,281.16161616161617,4306.614651974255,0.7368469161561737,-40.56565656565655,10.92465791913377,671.1616161616162,5.0,False
60,390,aPID-FF,51.404040404040416,1653.7602963843387,0.23456708976612048,-40.56565656565655,1.7554422103682208,441.4040404040404,2.0,False
60,390,PID,247.22222222222217,3706.783482789031,0.639787190647798,-40.56565656565655,9.99548398848617,637.2222222222222,4.0,False
60,420,aPID,44.23232323232321,1203.5061860530627,0.17517762264972167,-40.56565656565655,1.747935502450581,464.2323232323232,1.0,True
60,420,FF,306.4181190286639,4120.786198274682,0.7462325365934336,-40.56565656565655,5.059336082300602,726.4181190286639,5.0,False
60,420,PID-FF,285.7676767676768,4264.4787452119435,0.7374961460218211,-40.56565656565655,11.200953914627526,705.7676767676768,4.0,False
60,420,aPID-FF,40.84848484848487,1532.387440464938,0.21348229220815856,-40.56565656565655,2.4984747717476625,460.8484848484849,2.0,False
60,420,PID,248.43434343434342,3509.426538550164,0.6214233409951541,-40.56565656565655,10.256551962117044,668.4343434343434,3.0,False
60,450,aPID,52.53535353535352,935.9096933846354,0.15145243488780039,-40.56565656565655,1.7490028133462343,502.5353535353535,1.0,True
60,450,FF,430.8787878787879,5513.866106458938,1.0226271306814956,-40.56565656565655,6.5679478112784695,880.8787878787879,5.0,False
60,450,PID-FF,300.29292929292933,4512.137353756173,0.7781018057627929,-40.56565656565655,11.259282939490248,750.2929292929293,4.0,False
60,450,aPID-FF,49.141414141414145,1519.5841704865252,0.21671740847142162,-40.56565656565655,3.2436096528018843,499.14141414141415,2.0,False
60,450,PID,259.89898989898995,3486.8645551984555,0.6321419524225311,-40.56565656565655,10.261378247279131,709.89898989899,3.0,False
60,480,aPID,41.646464646464665,714.0570077788216,0.11707805348237517,-40.56565656565655,1.7490028133462343,521.6464646464647,1.0,True
60,480,FF,451.72727272727275,5532.046433710271,1.048990602749956,-40.56565656565655,7.178129242094284,931.7272727272727,5.0,False
60,480,PID-FF,286.0909090909091,4166.89910477582,0.7280591920456646,-40.56565656565655,11.162181489727848,766.0909090909091,4.0,False
60,480,aPID-FF,38.24691639253672,1340.8205457589684,0.18816746841560034,-40.56565656565655,3.262797346730221,518.2469163925367,2.0,False
60,480,PID,245.2020202020202,3140.8764467481606,0.5822401056942438,-40.56565656565655,10.13198415683493,725.2020202020202,3.0,False
60,510,aPID,49.878787878787875,393.9977111929268,0.09806749113698435,-40.56565656565655,1.7490028133462343,559.8787878787879,1.0,True
60,510,FF,450.0,5707.080013554269,1.0631802419262155,-40.56565656565655,8.1931666255057,960.0,5.0,False
60,510,PID-FF,277.2222222222222,3820.0373891559084,0.6840271773377287,-40.56565656565655,10.740882922253814,787.2222222222222,4.0,False
60,510,aPID-FF,46.095829277762505,1040.1203950885513,0.15736493829722378,-40.56565656565655,2.7320858830239976,556.0958292777625,2.0,False
60,510,PID,237.060606060606,2804.7992344403797,0.5415344822080069,-40.56565656565655,9.629889709869596,747.060606060606,3.0,False
60,540,aPID,38.40443991887412,354.31662838130563,0.07928220868663449,-40.56565656565655,1.7490028133462343,578.4044399188741,1.0,True
60,540,FF,420.0,5295.265524946057,0.9893726240251934,-40.56565656565655,8.63947931718369,960.0,5.0,False
60,540,PID-FF,250.07070707070704,3188.171699299513,0.5923853356226407,-40.56565656565655,10.33894980372106,790.070707070707,4.0,False
60,540,aPID-FF,33.985045005673214,719.0702751408384,0.11055750578642919,-40.56565656565655,2.4491188467544367,573.9850450056732,2.0,False
60,540,PID,211.56565656565658,2254.4911876206625,0.46146272641242747,-40.56565656565655,9.164790389163931,751.5656565656566,3.0,False
70,360,aPID,129.65656565656565,2533.105103442865,0.3982044520463845,-40.56565656565655,1.5458135441862526,489.65656565656565,2.0,False
70,360,FF,160.3434343434343,3040.139920159476,0.48223795669699343,-40.56565656565655,1.5458135441862526,520.3434343434343,3.0,False
70,360,PID-FF,412.29292929292933,6669.869816934347,1.117045010564823,-40.56565656565655,8.755747763172844,772.2929292929293,5.0,False
70,360,aPID-FF,76.10585175943191,1582.7035671580652,0.2444616935814181,-40.56565656565655,1.5458135441862526,436.1058517594319,1.0,True
70,360,PID,376.0909090909091,5499.0318789083485,0.9592218073697665,-40.56565656565655,7.810021133297395,736.0909090909091,4.0,False
70,390,aPID,133.25447686198254,2208.822895995799,0.3665856923754109,-40.56565656565655,1.7058210796497029,523.2544768619825,2.0,False
70,390,FF,153.4095773503376,3998.3877936428175,0.5865999052609748,-40.56565656565655,4.006806704761564,543.4095773503376,3.0,False
70,390,PID-FF,442.5353535353536,7339.681282491619,1.2178674927320103,-40.56565656565655,9.195409519295552,832.5353535353536,5.0,False
70,390,aPID-FF,80.23232323232321,1127.123992846,0.20007501836843378,-40.56565656565655,1.7058210796497029,470.2323232323232,1.0,True
70,390,PID,407.38383838383834,6230.957772377036,1.0667205591097917,-40.56565656565655,8.201982199471077,797.3838383838383,4.0,False
70,420,aPID,121.2462059643517,1904.7721618833145,0.3226296903057835,-40.56565656565655,1.747935502450581,541.2462059643517,2.0,False
70,420,FF,138.53786465623557,4763.533442323657,0.6700163273484696,-40.56565656565655,4.997253192574895,558.5378646562356,3.0,False
70,420,PID-FF,411.24242424242425,6395.807894591745,1.0876383505898064,-40.56565656565655,8.770352846596237,831.2424242424242,5.0,False
70,420,aPID-FF,68.61357399119538,893.7657088000545,0.16432953288446017,-40.56565656565655,1.747935502450581,488.6135739911954,1.0,True
70,420,PID,371.72727272727275,5319.25126301492,0.9365540613482268,-40.56565656565655,7.708626769292752,791.7272727272727,4.0,False
70,450,aPID,127.83865414106606,1747.8224198142366,0.3140964088547938,-40.56565656565655,1.7490028133462343,577.8386541410661,2.0,False
70,450,FF,470.7171717171717,5956.21657029983,1.1108544002616547,-40.56565656565655,6.573452695391597,920.7171717171717,4.0,False
70,450,PID-FF,434.07070707070704,6462.8306817260145,1.118742799123825,-40.56565656565655,8.977008217934475,884.070707070707,5.0,False
70,450,aPID-FF,75.8149993407551,755.8555940468802,0.1610186894315577,-40.56565656565655,1.7490028133462343,525.8149993407551,1.0,True
70,450,PID,382.21212121212125,5239.461869823819,0.9404273746227612,-40.56565656565655,7.672418985140935,832.2121212121212,3.0,False
70,480,aPID,116.44235596378451,1527.5847966211827,0.279905113212492,-40.56565656565655,1.7490028133462343,596.4423559637845,2.0,False
70,480,FF,480.0,5805.429646671615,1.107967672727813,-40.56565656565655,7.176872951931992,960.0,5.0,False
70,480,PID-FF,439.6060606060606,6211.377815242776,1.0997527886331184,-40.56565656565655,9.261126751985461,919.6060606060606,4.0,False
70,480,aPID-FF,64.72024674126703,653.9251896501046,0.13816866279035936,-40.56565656565655,1.7490028133462343,544.720246741267,1.0,True
70,480,PID,385.3636363636364,5050.7971186506775,0.9258919106019857,-40.56565656565655,7.887068967762527,865.3636363636364,3.0,False
70,510,aPID,124.1862723669866,1472.2529207375865,0.2839526815690129,-40.56565656565655,1.7490028133462343,634.1862723669866,2.0,False
70,510,FF,450.0,5738.325841077529,1.066108410661205,-40.56565656565655,8.12006006892798,960.0,4.0,False
70,510,PID-FF,450.0,6267.77052152003,1.1168751601354223,-40.56565656565655,9.93588846933308,960.0,5.0,False
70,510,aPID-FF,72.84061958022255,699.7359583491286,0.15256025406424245,-40.56565656565655,1.7490028133462343,582.8406195802226,1.0,True
70,510,PID,424.07070707070704,5094.378129265034,0.9757122118429108,-40.56565656565655,8.362130337725743,934.070707070707,3.0,False
70,540,aPID,113.01629677443475,1300.5004044220016,0.2548853209141646,-40.56565656565655,1.7490028133462343,653.0162967744347,2.0,False
70,540,FF,420.0,5178.067664841703,0.9784979693080439,-40.56565656565655,8.500765270313417,960.0,5.0,False
70,540,PID-FF,358.27272727272725,4019.947025959603,0.7989326984697267,-40.56565656565655,7.5664760365189805,898.2727272727273,4.0,False
70,540,aPID-FF,61.74767939181004,649.7385814296847,0.13398194379587758,-40.56565656565655,1.7490028133462343,601.74767939181,1.0,True
70,540,PID,257.38383838383834,2621.528164441883,0.551211705853634,-40.56565656565655,5.4476206649039485,797.3838383838383,3.0,False
80,360,aPID,202.1322302182765,2873.6277049761384,0.5074068333924915,-40.56565656565655,1.5458135441862526,562.1322302182765,3.0,False
80,360,FF,237.19069282968383,5693.32812547057,0.8493498035937901,-40.56565656565655,1.5458135441862526,597.1906928296838,4.0,False
80,360,PID-FF,421.16161616161617,6195.420943143754,1.077916314106602,-40.56565656565655,6.947015549542492,781.1616161616162,5.0,False
80,360,aPID-FF,140.33333333333331,1713.3837764801706,0.3254012116537484,-40.56565656565655,1.5458135441862526,500.3333333333333,1.0,True
80,360,PID,146.17171717171715,2037.640447222866,0.36295701910126615,-40.56565656565655,1.6615119256358248,506.17171717171715,2.0,False
80,390,aPID,207.57983856336512,2846.975565810478,0.5108849155667726,-40.56565656565655,1.7058210796497029,597.5798385633651,3.0,False
80,390,FF,224.40064557600147,4213.043065505759,0.6703230701673107,-40.56565656565655,2.2229322178961244,614.4006455760015,4.0,False
80,390,PID-FF,326.97979797979804,4144.694611631505,0.7723246114815825,-40.56565656565655,5.269647336958916,716.979797979798,5.0,False
80,390,aPID-FF,144.06312146588027,1607.5579930108531,0.32047663120667913,-40.56565656565655,1.7058210796497029,534.0631214658803,1.0,True
80,390,PID,152.21212121212125,1545.1016991027102,0.3255439965903824,-40.56565656565655,1.7058210796497029,542.2121212121212,2.0,False
80,420,aPID,196.07881489603562,2556.4208167525394,0.4698253608185879,-40.56565656565655,1.747935502450581,616.0788148960356,2.0,False
80,420,FF,207.83186263916878,4736.289836308046,0.7148986537259938,-40.56565656565655,3.302896600023856,627.8318626391688,4.0,False
80,420,PID-FF,127.61542673723704,3337.7991662791937,0.48935998260645935,-40.56565656565655,4.734756990147005,547.615426737237,3.0,False
80,420,aPID-FF,131.88750374324638,1416.9011167675985,0.2886503506348095,-40.56565656565655,1.747935502450581,551.8875037432464,1.0,True
80,420,PID,411.80808080808083,5440.363739236471,0.9935230600407691,-40.56565656565655,6.3734443028634296,831.8080808080808,5.0,False
80,450,aPID,203.54834779173746,2640.80822171072,0.48649153410391827,-40.56565656565655,1.7490028133462343,653.5483477917375,3.0,False
80,450,FF,208.69107107476202,5756.47187914217,0.8358835906062874,-40.56565656565655,4.932579222318458,658.691071074762,5.0,False
80,450,PID-FF,117.40894279751512,2869.866861624648,0.42647801485435316,-40.56565656565655,4.12059858320016,567.4089427975151,2.0,False
80,450,aPID-FF,138.53466581419775,1526.0056019654944,0.30644756367680037,-40.56565656565655,1.7490028133462343,588.5346658141978,1.0,True
80,450,PID,148.51990707743516,3229.9505237377675,0.49311116731407756,-40.56565656565655,4.289043379823877,598.5199070774352,4.0,False
80,480,aPID,192.6781385615161,2402.6692175355965,0.4514093053641275,-40.56565656565655,1.7490028133462343,672.6781385615161,4.0,False
80,480,FF,456.25542834986345,5469.039189455178,1.0486741388571137,-40.56565656565655,5.52966058729133,936.2554283498635,5.0,False
80,480,PID-FF,105.10763396763866,2568.665252864575,0.38173395837496854,-40.56565656565655,3.981859016260582,585.1076339676387,3.0,False
80,480,aPID-FF,127.29203217119607,1397.3208185068902,0.2811580563752431,-40.56565656565655,1.7490028133462343,607.2920321711961,1.0,True
80,480,PID,137.7724383289093,2280.8641337276504,0.3787155419753746,-40.56565656565655,3.42382492732583,617.7724383289093,2.0,False
80,510,aPID,201.2541965028413,2536.8663172961424,0.4740374910320363,-40.56565656565655,1.7490028133462343,711.2541965028413,4.0,False
80,510,FF,450.0,5352.685305469939,1.0305424026002468,-40.56565656565655,6.419522929102292,960.0,5.0,False
80,510,PID-FF,111.86753379011782,2475.679550820034,0.37632089932881063,-40.56565656565655,3.8308106101987787,621.8675337901178,3.0,False
80,510,aPID-FF,135.50106890800316,1476.2847613070555,0.2983259240188587,-40.56565656565655,1.7490028133462343,645.5010689080032,1.0,True
80,510,PID,146.5660151559074,1551.3610743198944,0.3187959866311347,-40.56565656565655,2.0495545482385196,656.5660151559074,2.0,False
80,540,aPID,190.61616161616166,2312.3935997599615,0.44062899457308374,-40.56565656565655,1.7490028133462343,730.6161616161617,4.0,False
80,540,FF,420.0,4725.018610729956,0.9376765461828817,-40.56565656565655,6.75122199958949,960.0,5.0,False
80,540,PID-FF,100.46464646464642,2206.753984024468,0.33606248241399767,-40.56565656565655,3.7818737031660445,640.4646464646464,3.0,False
80,540,aPID-FF,124.72117901279694,1302.3469219429064,0.26977770899264464,-40.56565656565655,1.7490028133462343,664.7211790127969,1.0,True
80,540,PID,135.96771584590863,1209.9526026385913,0.27726723084348054,-40.56565656565655,1.7490028133462343,675.9677158459086,2.0,False
